Title,Time,Venue,Location,Region,Description,Price,category,phone_number
Thursday Night Jazz: Yoko Suzuki Spotlights the Music of Toshiko Akiyoshi,"Thu., Oct. 17, 7-8:30 p.m.",City of Asylum @ Alphabet City,"40 W. North Ave, Pittsburgh",North Side,"Dr. Yoko Suzuki, an ethnomusicologist and excellent saxophonist, returns to City of Asylum to pay homage to female musicians who were unappreciated in their time.
4124351110",Free,,4124351110
Ritual Sound Movement Healing Art - Wellness Workshop & Quarterly Immersion,"Sun., Oct. 20, 10:30 a.m.-3 p.m.",Wightman School,"5604 Solway, Pittsburgh",Squirrel Hill,"Join us for an interactive, family-friendly day of healing as we uplift our minds, bodies, and hearts through a sampling of wellness practices that are rooted in music, movement, and creative expression. **
Ft: Yoga, Live Music, Dance, Sound Healing, and More! **
Registration for this event is free with a suggested donation at the door.
Everyone who registers will be entered into a wellness raffle giveaway! **
If you would like to support this event but cannot attend in person, please consider donating through sound-body.org/embodiedpgh
4125845837",$10 +,,4125845837
Expressing the Unseen: Using Art to Heal After Pregnancy Loss ~ A Free Online Workshop,"Thu., Oct. 17, 12-1 p.m.",Wightman School,"5604 Solway, Pittsburgh",Squirrel Hill,"October is Pregnancy and Infant Loss Awareness Month. This free online workshop will present creative tools to help parents through the grieving process and begin to heal. 1 in 4 pregnancies end in loss.
Presenter Hayley Wilds, an art therapist and grief specialist, wants loss parents to know they aren‚Äôt alone. She explains, ‚ÄúPregnancy loss is more common than people realize. But no one talks about it, and that makes it hard to process what you‚Äôre going through.‚Äù To register for the free online workshop on October 17th, or for more information, please visit https://hayleywilds.com/pregnancylossworkshop/",free,,
Pittsburgh Playhouse Fall Fest,"Thu., Oct. 17, Fri., Oct. 18, Sat., Oct. 19, Sun., Oct. 20, Thu., Oct. 24, Fri., Oct. 25, Sat., Oct. 26 and Sun., Oct. 27",Pittsburgh Playhouse of Point Park University,"350 Forbes Avenue, Pittsburgh",Downtown,"The Pittsburgh Playhouse Fall Fest will offer several autumn-themed festivities including food, drinks, games, crafts, live music by local band The Hauntones, live action characters, tarot card readings, a commissioned fall mural for Instagram photos by Pittsburgh-based muralist Cara Rossetti, a ‚Äúpop-up‚Äù Halloween-themed bar with specialty cocktails and a family-friendly Halloween Show titled Boo‚Äôs Halloween House Party. On weekends during the run of Fall Fast, Forbes Avenue will be closed for pedestrian traffic allowing visitors to enjoy local vendors and activities ‚Äì this first fall festival of its kind in Downtown Pittsburgh.
4123928000",,"Festivals, Theater, Kidstuff",4123928000
Killer Kocktail Class at Kingfly!,"Thu., Oct. 17, 5-7 p.m.",Kingfly Spirits,"2613 Smallman St., Pittsburgh",Strip District,"Welcome to Event #3 of our ‚Äú13 Nights of Halloween‚Äù!
We‚Äôd be lunatics not to do a KILLER COCKTAIL CLASS so you‚Äôre ready in time for Halloween.
Let‚Äôs use creepy garnish, ingredients fresh from a Witch‚Äôs cupboard, and tinctures that would make a Summoner proud.
Your ticket includes:
-2 cocktails of your choice to make and enjoy
-a recipe sheet you get to keep for future reference
-hands-on experience with a veteran bartender
-pro tips of the trade to level up your cocktail game
Join us.....",50.00,,
Fall Used Book Sale,"Thu., Oct. 17, 5-7 p.m., Fri., Oct. 18, 12-4 p.m., Sat., Oct. 19, 10 a.m.-4 p.m. and Sun., Oct. 20, 10 a.m.-2 p.m.",Scott Township Public Library,"301 Lindsay Road, Scott Township",Scott,"Fall Book Sale
Sponsored by the Friends of the Library in support of
Scott Township Public Library
Thursday, October 17: 5-7pm
Friends of the Library Members Only Night
Not a member? Join at the event! Cost of Membership: Seniors $7 - Individual $10 - Family $20
Friday, October 18: 12-4pm
Saturday, October 19: 10am-4pm
Bake Sale!
Sunday, October 20: 10am-2pm
Bag Day Sale - $5 per bag
Bake Sale!
Cash and Checks ONLY
Checks to ""Friends of Scott Township Public Library""
(412) 429-5380",FREE,,(412) 429-5380
Circle of Hope,"Thu., Oct. 17, 5:30-8:30 p.m.",The Circuit Center and Ballroom,"5 Hot Metal Street, Pittsburgh",South Side,"Join us for Pennsylvania Women Work's 23rd Annual Circle of Hope Awards Dinner to celebrate what we can achieve when women lead.
During this celebration, we will come together to honor our clients‚Äô successes and achievements and recognize the incredible support of our community, volunteers, employer partners and leaders. The evening will include a lively awards presentation, silent auction, games and raffles, and opportunities to network and mingle with colleagues and friends.
(412) 742-4362",$125.00,,(412) 742-4362
Brushes & Birds: Owl Edition,"Thu., Oct. 17, 5:30-8 p.m.",National Aviary,"700 Arch Street, Pittsburgh",North Side,"Paint your very own Eurasian Eagle Owl portrait! Join Maria DeSimone Prascak of Maria‚Äôs Ideas (mariasideas.com) for a special 21+ evening edition of Brushes and Birds. During this class designed for painters of all abilities, you'll follow Maria's step-by-step instruction. Materials are included.
Prior to class, meet a National Aviary Animal Ambassador and enjoy a glass of wine, beer, or non-alcoholic beverage and scrumptious bites, which will be available for purchase from Atria's.
4123237235",$40 - $45,,4123237235
Milkshake & Cookies,"Thu., Oct. 17, 6-9 p.m.",Wintergarden at PPG Place,"1 PPG Place, Pittsburgh",Downtown,"A sweet event to support the lifesaving mission of Mid-Atlantic Mothers' Milk Bank. Enjoy scrumptious treats as local bakery shops, creameries, and restaurants compete for the Best Cookie, Best Cookie Table, and Best Milkshake in Pittsburgh. The evening will be hosted by Pittsburgh legend Rick Sebak and will include a wine pull, auction, and more.
Learn more about the milk bank at midatlanticmilkbank.org
4126843800",$75-$300,,4126843800
CLASS: Ankarsrum Basics with Ashley,"Thu., Oct. 17, 6-8 p.m.",In the Kitchen,"1725 Penn Ave, Pittsburgh",Strip District,"Mark your calendars for 6pm on Thursday, October 17! Join us for our Ankarsrum Basics with Ashley Class, where you'll discover the true versatility of this innovative kitchen Assistent. Led by Ankarsrum‚Äôs resident expert Ashley McCord, this is an opportunity see first-hand how the Ankarsrum excels at making dough, whipping batters, and more.
BONUS GIFT: Ready to invest in an Ankarsrum? Purchase your machine the night of the demo and receive a BONUS Ankarsrum Gift Set (while supplies last) and a $35 ITK gift card!
Limited Seats Available! Reserve your seat today.
4122615513",$35,,4122615513
GET SCHOOLED ART EXHIBIT AND BENEFIT FOR FEED THE CHILDREN,"Thu., Oct. 17, 6-9 p.m.",Hyatt House,"2795 S Water Street, Pittsburgh",South Side,"Hyatt South Side is proud to present a collection of artwork by art educator/artists from our area sponsored by Blick Art Supplies and Petrichor Magazine which will include Dr. Amber Epps, Evan Rumble, Oreen Cohen, Michael Fratangelo, Heather Heitzenrater, Jared Quinteros, DS Kinsel, Kenneth Nicholson, Max Gems Gonzales, Kirtsen Ervin and Marlon Eazywider. This will double as a benefit for Feed the Children. Music by DJ Dinidaddy, and craft cocktails served by guest Bartender Franci Niznik owner/curator of Thought Robbers Gallery
412 513 2003",Free and open the public,,412 513 2003
Haunted Like Human @ Delanie's,"Thu., Oct. 17, 6:30-8:30 p.m.",Delanie's Coffee,"1737 E. Carson St, Pittsburgh",South Side,"$10 suggested donation.
Nashville duo Haunted Like Human delves into inspired songwriting, sparse arrangements, and frisson-inducing harmonies that mark their music. With a background in poetry and prose, Dale Chapman's granular focus on language is simpatico with Cody Clark‚Äôs background in classical guitar, where each note carries its own weight. Limned with nostalgia, soaked in Southern gothic lore, the duo meticulously assembles songs to preserve the spirit of the stories they tell.
412-927-4030",,Acoustic,412-927-4030
Aberrant Kingdom Record Release Show,"Thu., Oct. 17, 7 p.m.-12 a.m.",Spirit Lodge,"242 51st Street, Pittsburgh",Lawrenceville,"Aberrant Kingdom with special guests Tony From Bowling and Dogmeat.
724-880-8505",$10,,724-880-8505
Geek Out Gala,"Thu., Oct. 17, 7-11 p.m.",Carnegie Science Center,"1 Allegheny Avenue, Pittsburgh",North Side,"Electrify your night at the Geek Out Gala! Join us for the Geek Out Gala ‚Äì a night where cutting-edge science meets high-energy celebration. Enjoy breathtaking views, gourmet bites, signature cocktails, live music, and electrifying science activities. This is an event you won‚Äôt want to miss! Please secure your place early, as space is limited.
4122373400",125,,4122373400
"‚ÄúNosferatu‚Äù: The Horror Classic, with Live Musical Accompaniment by Tom Roberts","Thu., Oct. 17, 7-9 p.m.",Andrew Carnegie Free Library Music Hall,"300 Beechwood Avenue, Carnegie",Carnegie,"Experience the 1922 masterpiece that defined horror cinema for decades, with a live musical score by acclaimed pianist and composer Tom Roberts!
""Nosferatu: A Symphony of Horror"" takes viewers on a chilling journey through the mists of 19th century Transylvania, as the hapless Thomas Hutter finds himself at odds with the mysterious Count Orlok ‚Äì a grotesque vampire.
Tonight, our special guest world-renowned pianist Tom Roberts will introduce this iconic work, before accompanying the film with a live performance of his own original score, originally commissioned by the Pittsburgh Silent Film Society for the 100th anniversary of ""Nosferatu.""
412-276-3456 x12",$20 online or $25 at the door; $10 discount for students,,412-276-3456
Beowulf:a 1 person storytelling epic,"Thu., Oct. 17, 7-9:30 p.m.",The Glitterbox Theater,"210 w 8th ave, Homestead",Homestead,"John Heimbuch performs Beowulf
Beowulf
Adapted by Charlie Bethel
Performed by John Heimbuch
Directed by Amy Rummenie
Storyteller John Heimbuch performs Charlie Bethel‚Äôs stunning one-person version of Beowulf. This vibrant and modern retelling of the classic Old English poem about a warrior king and three famous monsters embodies the wit and vigor of the original Anglo-Saxon epic. Come hear the tale as it‚Äôs meant to be heard!
Tickets available at the door.
Doors at 7pm show at 7:30pm
724-699-2613",$20-30,,724-699-2613
"Unsung Hero Tour - Pittsburgh, PA","Thu., Oct. 17, 7-11:59 p.m.",PPG Paints Arena,"1001 Fifth Ave., Pittsburgh",Uptown,"GRAMMY-award winning duo for KING + COUNTRY is bringing ‚Äòfor KING + COUNTRY LIVE: The UNSUNG HERO 2024 Tour‚Äô your way this fall!
Performing brand new music from the ‚ÄòUNSUNG HERO Inspired By‚Äô soundtrack (along with many of your favorite songs from their award winning albums), brothers Joel + Luke are hitting the road to 31 cities across the US to give you an innovative new production unlike any other for KING + COUNTRY show you‚Äôve ever seen.
6152579555",$24.99,,6152579555
Fall Fest,"Thu., Oct. 17, 7:30 p.m., Fri., Oct. 18, 7:30 p.m., Sat., Oct. 19, 11 a.m.-7 p.m., Sun., Oct. 20, 11 a.m.-3 p.m., Thu., Oct. 24, 7:30 p.m., Fri., Oct. 25, 7:30 p.m., Sat., Oct. 26, 11 a.m.-7 p.m. and Sun., Oct. 27, 11 a.m.-3 p.m.",Pittsburgh Playhouse of Point Park University,"350 Forbes Avenue, Pittsburgh",Downtown,"The first annual Pittsburgh Playhouse Fall Fest features entertainment for everyone! Enjoy food & drinks, carnival booths, local vendors, face painting, arts & crafts, tarot readings, and a Halloween themed parody show, Boo's Halloween House Party!
Entrance to the Fall Fest is free to the general public, with tickets and discounted family packages (with special tricks-and-treats) for Boo's Halloween House Party on sale now!
(412) 392-8000",free,,(412) 392-8000
Waltz Screening + Q&A,"Thu., Oct. 17, 7:30-10 p.m.",The Lindsay Theater and Cultural Center,"418 Walnut Street, Sewickley",Sewickley,"The Lindsay Theater and Cultural Center in Sewickley is hosting the theatrical premiere of ""Waltz,"" a locally made horror movie about a woman being tormented by a stalker. The latest entry in The Lindsay's ongoing Emerging Filmmakers Showcase series will immediately be followed by a Q&A with writer-director Joshua Maley and other ""Waltz"" cast and crew members. Tickets are free, but we recommend that our guests RSVP in advance to ensure seating for all.
4122598542",Free,,4122598542
‚ÄúSimply Queen‚Äù a World Class Act- Tribute to ‚ÄúQueen‚Äù Coming to The Palace Theatre October 17th!,"Thu., Oct. 17, 7:30-9:30 p.m.",The Palace Theatre,"21 W. Otterman St, Greensburg",Greensburg,"This completely LIVE tribute performs all the iconic songs that have made Queen one of the most legendary rock bands of all time and faithfully recreates the grand scope of Queen‚Äôs live shows ‚Äì musically and visually capturing the amazing live Queen experience that has filled stadiums around the world.
The band is fronted by Freddie Mercury impersonator extraordinaire, Rick Rock.
‚ÄúSimply Queen- a World Class Act‚Äù live tribute to Queen will be Thurs., Oct. 17th, 2024 at 7:30pm at The Palace Theatre- 21 W. Otterman St.-Greensburg, PA 15601. Ticket prices are $35, $38., $48., and $75. and can
724-836-8000","$35., $39., $48., and $75.",,724-836-8000
Simply Queen,"Thu., Oct. 17, 7:30 p.m.",The Palace Theatre,"21 W. Otterman St, Greensburg",Greensburg,"SIMPLY QUEEN is a world class act!
This COMPLETELY LIVE tribute performs all the iconic songs that have made Queen one of the most legendary rock bands of all time and faithfully recreates the grand scope of Queen‚Äôs live shows ‚Äì musically and visually capturing the amazing live Queen experience that has filled stadiums around the world.
The band is fronted by Freddie Mercury impersonator extraordinaire, Rick Rock.
724-836-8000","$35, $39, $48, $75",,724-836-8000
‚ÄúSimply Queen‚Äù a World Class Act- Tribute to Queen Coming to The Palace Theatre October 17th!,"Thu., Oct. 17, 7:30-9:30 p.m.",The Palace Theatre,"21 W. Otterman St, Greensburg",Greensburg,"This completely LIVE tribute performs all the iconic songs that have made Queen one of the most legendary rock bands of all time and faithfully recreates the grand scope of Queen‚Äôs live shows ‚Äì musically and visually capturing the amazing live Queen experience that has filled stadiums around the world. The band is fronted by Freddie Mercury impersonator extraordinaire, Rick Rock.
‚ÄúSimply Queen- a World Class Act‚Äù live tribute to Queen will be Thurs., Oct. 17th, 2024 at 7:30pm at The Palace Theatre- 21 W. Otterman St.-Greensburg, PA 15601. Buy tickets online or call (724)836-8000.
7248368000","$35., $39., $48., and $75.",,7248368000
The Trees,"Thu., Oct. 17, 7:30 p.m., Fri., Oct. 18, 7:30 p.m., Sat., Oct. 19, 2 & 7:30 p.m. and Sun., Oct. 20, 2 p.m.",Pittsburgh Playhouse of Point Park University,"350 Forbes Avenue, Pittsburgh",Downtown,"Late one night, drunk-stumbling home through a neighborhood park, two siblings‚Äô feet take root in the earth. Literally. Word of this extraordinary event spreads and brings together an otherwise disparate group of strangers, each seeking renewed purpose. The Trees by Agnes Borinsky asks us to consider: in our mercenary world, how can we have a more expansive notion of what change is possible? What of our old lives do we hold onto?
(412) 392-8000",35,,(412) 392-8000
Stymo The Band - Pittsburgh's Premier Cover Band,"Thu., Oct. 17, 8-11 p.m.",Hard Rock Cafe,"230 West Station Square Drive, Pittsburgh",Station Square,"Hard Rock Cafe and CE Presents welcome Stymo The Band - Pittsburgh's Premier Cover Band on Thursday, October 17, 2024! Entry and seating for event attendees begin at 7:00 PM. General Admission tickets are required for entry and are available for purchase at Eventbrite.com. Seating within the event is available on a first-come, first-served basis. General Admission tickets do not reserve a seat. If you require accessible seating accommodations, you must notify the venue in advance. This event is open to all ages with alcohol available for purchase to attendees ages 21 and over.
412-481-7625",$15.00,,412-481-7625
Halloween: Season of the Sketch,"Thu., Oct. 17, 8-9:30 p.m. and Fri., Oct. 18, 8-9:30 p.m.",Arcade Comedy Theater,"943 Liberty Avenue, Pittsburgh",Downtown,"For two nights only, they‚Äôre baaaack! From the monstrous minds behind ‚ÄúRevue This!‚Äù and ‚ÄúSketch Madness‚Äù comes a spine-tingling, side-splitting new sketch show, ‚ÄúHalloween: Season of the Sketch.‚Äù A cast of spooky seasoned actors will delight you in a horrifically hilarious revue of scripted Halloween comedy. No tricks! All treats! From Frankenstein to The Blair Witch, from Dracula to The Purge, from pumpkins to pumpkin spice, this show treats audiences to a full sampling of all that All-Hallow‚Äôs Eve has to offer. Our talented costumed cast will be covered in fake blood but will make you laugh for real.
412-339-0608",$18 / $14 for students,,412-339-0608
Bathe Alone,"Thu., Oct. 17, 8 p.m.",The Funhouse @ Mr. Smalls,"400 Lincoln Ave, Millvale",Millvale,"Mr. Smalls Presents
Bathe Alone
Special Guest: Valleyview
Doors: 7:00 pm / Show: 8:00 pm
Bathe Alone is the dream pop moniker of multi-instrumentalist Bailey Crone. Taking shape in Atlanta, her haunting approach to songwriting and delicate vocal deliveries often draw comparisons to Beach House, Mitski, and The xx.
6034337465",Advance: $15.00 - Day Of Show: $20.00,,6034337465
Books in the Afternoon,"Third Thursday of every month, 1 & 6 p.m.","Carnegie Library, Oakland","4400 Forbes Avenue, Pittsburgh",Oakland,"Lively discussions of contemporary fiction.
412-622-3114",,Literary,412-622-3114
Green Drinks: Sunrise Movement Pittsburgh,"Third Thursday of every month, 6-8 p.m.",Fuel & Fuddle,"212 Oakland Ave., Pittsburgh",Oakland,"Green Drinks is a monthly, social event for people who care about the environment. February Green Drinks is hosted by Sunrise Movement Pittsburgh. Come learn more about their mission ""to pressure elected officials to support a select committee on a Green New Deal and to promise to receive no donations from the fossil fuel industry."" Add your voice to the movement! This event is organized by the Pittsburgh Chapter of Citizens' Climate Lobby. Under 21 are welcome. Light snacks provided.
412-682-3473",,Food & Drink Event,412-682-3473
Reggae Night,"Third Thursday of every month, 6:30-9:45 p.m.",Allegheny City Brewing,"507 Foreland St., Pittsburgh",North Side,"Original roots, reggae, dancehall and dub records selected alongside delicious craft beer! Caribbean Vybz food truck will be providing the itals.
412-904-3732",Free!,,412-904-3732
Landmark Lectures: People & Place - Bishop Benjamin Tucker Tanner & Family,"Third Thursday of every month, 6:30-7:30 p.m.",Allegheny City Brewing,"507 Foreland St., Pittsburgh",North Side,"Matthew Falcone, President of Preservation Pittsburgh, will talk regarding the possibility of applying for a historic marker for Bishop Tanner (1835-1923). With roots in Pittsburgh, Tanner was a leading clergyman, author, and was editor from 1868-1884 of The Christian Recorder, the largest Black-owned newspaper in the country at the time. Tanner and his wife Sarah had four children, including Henry Ossawa Tanner, who was the first Black painter to gain international acclaim, as well as Halle Tanner Dillon Johnson, one of the first Black women physicians.
4122568755",free with registration,,4122568755
Real to Reel Documentary Film Series,"Third Thursday of every month, 7 p.m.","Carnegie Library, Oakland","4400 Forbes Avenue, Pittsburgh",Oakland,"A different documentary each month.
412-622-3114",,Other Stuff,412-622-3114
Third Thursday Film Screenings,"Third Thursday of every month, 7 p.m.",PCTV,"1300 Western Ave., Pittsburgh",North Side,Screenings of political documentaries followed by discussion.,,Other Stuff,
VIVRANT THING,"Third Thursday of every month, 10 p.m.-2 a.m.",The Goldmark,"4517 Butler St, Pittsburgh",Lawrenceville,"VIVRANT THING‚Äô features open format vibes from future funk, breaks,
afrobeats , hip hop , soul , and more . JX4 and DJ Nugget + guests
412-688-8820",Free,,412-688-8820
17th International Exhibition of Botanical Art & Illustration,"Mondays-Fridays, 9 a.m.-5 p.m. Continues through Dec. 17",Hunt Institute for Botanical Documentation,"5000 Forbes Ave., Pittsburgh",Oakland,"The Hunt Institute for Botanical Documentation presents its ‚Äú17th International Exhibition of Botanical Art & Illustration,‚Äù which includes 43 artworks by 43 artists, representing 19 countries (Australia, Chile, China, Colombia, England, Hungary, India, Italy, Japan, Netherlands, Portugal, Romania, Russia, Scotland, Singapore, South Korea, Turkey, Ukraine and the United States). Join us Thursday, 17 October, 6:00-8:00 p.m. for the reception.
412-268-2434",Free,,412-268-2434
White Noise,"Mondays-Fridays, 10 a.m.-4:30 p.m. Continues through Nov. 5",Robert Morris University Media Arts Gallery,"6001 University Blvd, Wheatley Center, Moon Township",Moon,"""White Noise"" by Kerry Skarbakka is a powerful exploration of toxic masculinity, an issue of great relevance in today's divided socio-political landscape. Originally conceived before the 2016 elections out of concern for his newborn son under a Trump presidency, this multi-media installation serves as both a warning and a reflection as we approach the 2024 elections. The exhibition features large format photographs, video, and sculptures, portraying a fictional white male's descent rooted in Skarbakka‚Äôs own experiences, touching on themes like anti-government sentiment, tribalism, and religious extremism.
412-397-4052",Free,,412-397-4052
Ëä∏[Gei]: The Beauty of Ephemeral and Eternal,"Mondays-Saturdays, 10 a.m.-5 p.m. Continues through Jan. 18",Contemporary Craft,"5645 Butler Street, Pittsburgh",Lawrenceville,"In its new exhibition, ‚ÄúËä∏[Gei]: The Beauty of Ephemeral and Eternal‚Äù, Contemporary Craft invites viewers to explore the captivating duality between the beauty of Ikebana ‚Äì traditional Japanese flower arrangement ‚Äì and the eternal nature of well-crafted objects. Four artists engage with members of Sogetsu Ikebana Pittsburgh, sparking contemplation of time, materiality, and heritage. This dialogue illuminates profound connections in Japanese culture that are woven throughout these art forms, harmonizing impermanence and eternity in Japan‚Äôs cultural tapestry - bridging past, present, and future. Featured artists include Tadao Arimoto, Carol Kumata, Miwa Neishi, and Yoko Sekino-Bov√©.
4122617003",Free,,4122617003
Pretzels For Pups!,"Through Oct. 31, 11 a.m.-11 p.m.",Hofbrauhaus Pittsburgh Brewery & Restaurant,"2705 S. Water Street, Pittsburgh",South Side,"Benefitting The UPMC Children's Hospital Foundation
4122242328",Free,,4122242328
The Basement,Thursdays-Sundays. Continues through Nov. 3,The Basement,"118 Locust St, Etna",Etna,"The ScareHouse haunted attraction is on hiatus this year but our full-contact horror experience has returned to the original location in Etna for the first time in five years.
The Basement is a highly interactive and immersive horror experience featuring a series of intense, intimate and R-rated horrors that challenge the limits of fear. All guests must be 18 years or older and must sign waiver before entering. Guests will be touched and tormented by a cast of live actors.
Select dates now through November 2nd. Prices start at $40 per/person, only two guests may enter at once.
412-376-7313",40,,412-376-7313
‚ÄúTHE NIGHTMARE BEFORE MIXTAPE‚Äù . . . A Burton Bar Experience¬† . . .,"Wednesdays-Sundays, 5:30-9 p.m. Continues through Oct. 31",Mixtape,"4907 Penn Avenue, Pittsburgh",Garfield,"Step into a world where gothic whimsy meets mischievous mayhem! üêà‚Äç‚¨õüï∑Ô∏è
This Halloween season, join us for an immersive experience in Pittsburgh, PA where the boundaries between film and fantasy blur. From eerie cocktails to eye-popping decor, indulge in every little detail inspired by the macabre mastermind of Tim Burton. üíÄüåô
Don‚Äôt miss your chance to galavant with ghouls, drink with demons, and revel in a space like no other. Costumes encouraged! Prizes awarded! Plan your visit soon... if you dare. üò±üîÆ
Any session scheduled BEFORE 7PM is ‚ÄúFamily Friendly!‚Äù During those times, we welcome ghosts & goblins under 21
412-661-1727",16,,412-661-1727
Miller Lite Thunder Thursdays Summer Music Series,"Thursdays, 6-9 p.m. Continues through Oct. 17",Pittsburgh Shrine Center,"1877 Shriner's Way, Cheswick",Green Tree,"Every Thursday! Never a cover, always under cover, at the Pittsburgh Shrine Center
7242747000",Free,,7242747000
An Evening with Edgar Allan Poe,"17th of every month, 6 p.m.",Seton-La Salle High School,"1000 McNeilly Rd., Pittsburgh",Mt. Lebanon,"Will you dare enter the horrifying mind of Edgar Allan Poe? Come join us for a spooky night of theater in the Auditorium at Seton LaSalle Catholic High School, Friday, November 17 and Saturday, November 18, Fall Drama! An Evening with Edgar Allan Poe will take you into the creepiest of Poe's stories, such as ""The Tell-Tale Heart"" and ""The Cask of Amontillado""! Reception 6pm.Curtain 7pm.
412-561-3583",$10,,412-561-3583
Zouk-Chata Night,"Third Thursday of every month, 8:30 p.m.-1 a.m. Continues through Nov. 15",Los Sabrosos Dance Co.,"4909 Penn Ave., Pittsburgh",Bloomfield,"Do you want to expand your existing Latin dance repertoire? Have you been looking for an opportunity to try something different? We have you covered with our new monthly Zouk-chata Nights!
With this blended social of Zouk and Sensual Bachata, dancers have the chance to experience their striking similarities and to appreciate their unique strengths.
Time:
8:30 PM ‚Äì 9 PM : Zouk Mini-Lesson
9 PM ‚Äì 12 AM : Social Dancing!
Pricing:
$15 ‚Äì Mini-lesson & Social
$10 ‚Äì Social
4909 Penn Ave
Pittsburgh, PA 15224
4124650290",15,,4124650290
Walk-in Vaccine Hours,"Tuesdays-Fridays, 8-10 a.m.",Western Pennsylvania Humane Society,"1101 Western Ave., Pittsburgh",North Side,412- 321-4625,,Other Stuff,
Museum of Illusions Pittsburgh‚Äôs Teacher Appreciation Week Sale,"Mondays-Sundays, 8-10 a.m.",Museum Of Illusions,"267 N Shore Dr, Pittsburgh, PA 15212, Pittsburgh",Allentown,"In honor of Teacher Appreciation Week, from May 4th to May 10th, we're excited to treat all teachers to FREE admission at the Museum of Illusions - no illusions here, just pure appreciation! It's our way of saying thank you for your hard work and dedication. Just show your valid teacher ID at the door and step into a world of wonder and enchantment.
*Offer available for walk-in visits only.
8569526085",,Fashion,8569526085
Pittsburgh Scavenger Hunt: Pittsburgh‚Äôs Strength,"Ongoing, 8-10 a.m.",Let's Roam Customer Support,"414 Grant St, Pittsburgh, PA 15219, USA, Pittsburgh",Downtown,"Where three rivers meet, you'll find Pennsylvania's great Steel Town. On this fun-filled Pittsburgh scavenger hunt, make a loop around downtown in search of storied buildings, great green spaces, and wondrous sculptures.
Uncover this city's best-kept secrets and make your own history on this scavenger hunt in Pittsburgh!
Some of what you'll see: Fulton Building, Pittsburgh Market Square, Kaufmann Building
Explore The City:
Find the best sights in your city with your group and answer questions that can only be found in person hidden on plaques, statues, art, and more.
Photo Challenges and Activities:
Each person will have an interactiv
8332027626",$12.99/player,,8332027626
New Choices Career Development Classes,"Mondays-Fridays, 9:30 a.m.-12:30 p.m.",Pennsylvania Women Work,"650 Smithfield Street, Suite 520, Pittsburgh",Downtown,"New Choices is a FREE, comprehensive career program, where you'll learn job search and interview skills, goal-setting, and the confidence to succeed. You‚Äôll update your resume, refresh your computer skills, and learn conflict resolution, budgeting, and time management ‚Äì plus individualized career coaching and job search assistance. Day/evening classes available starting soon Downtown, or at extended sites throughout Pittsburgh. Whether you're starting out or re-entering the workforce, our 20 years of expertise will make you a stronger candidate. New Choices has helped over 55,000 people find living-wage jobs and build lasting careers! Call to register or for more information!
412-742-4362",FREE,,412-742-4362
Thursday Adult Nature Walk,"Thursdays, 10 a.m.-12 p.m.",North Park,"Pearce Mill Rd., Allison Park",Allison Park,"Free & open to ages 18 & older. Meets rain or shine every Thursday of the year. Naturalists guide these walks. Park and meet at the Ice Skating Rink parking lot off Kummer Road.
724-935-1766",,Outside,724-935-1766
Puzzling Adventures Scavenger Hunt,"Ongoing, 10 a.m.-8 p.m.",Puzzling Adventures Start & Finish Location,"629 Smithfield St, Pittsburgh",Downtown,"Consistently rated the best local scavenger hunt since 2016!
Puzzling Adventures are a cross between a scavenger hunt, an adventure race, and an informative self-guided walking tour. Each adventure consists of a series of locations that you are guided to where you are required to answer a question or solve a puzzle to receive your next instruction. Compete as a group, individually or create multiple teams and race each other.
Enter the code EVENTPASS on the payment page for a $10 discount!
8884338966",$39.95 with $10 EVENTPASS - price per team,,8884338966
Lunch Break Yoga,"Tuesdays, Thursdays, 12-12:50 p.m.",Crossbody Dance and Movement,"422 Wood Street, PITTSBURGH",Downtown,"Join us for Lunch Break Yoga at Crossbody Dance and Movement.
Drop in rate is $12
4122590336",$12,,4122590336
Spellbound Escape Room,"Ongoing, 12-9 p.m.",60 Minute Missions Escape Room,"116 E Pittsburgh Street, Lower Level, Greensburg",Greensburg,"Becoming a wizard isn‚Äôt easy. You‚Äôve traveled to the magic school and taken the admissions exam, but didn‚Äôt pass. As a result, a horrible curse has been placed on you to ensure you don‚Äôt attempt further magic as a muggle.
Your train ride home has been summoned, but the door to the wizarding world is within reach. Can you reverse the curse and prove that you have the skills to join the wizarding school before your ride home arrives?
724-383-6066",$25,,724-383-6066
A Soto Zen Buddhist Sitting Group,"Tuesdays, Thursdays",Church of the Redeemer,"5700 Forbes Ave., Pittsburgh",Squirrel Hill,"http://citydharma.wordpress.com/schedule/
412-965-9903",,Other Stuff,412-965-9903
Maude Movie Night,Thursdays,Church of the Redeemer,"5700 Forbes Ave., Pittsburgh",Squirrel Hill,"Maude Movie Nights are part of our ongoing effort to create community space for LGBTQIA+ witches. But also ANYONE who is a friend of a queer witch is welcome. ‚ô• (and we mean that in a figurative way. Come MAKE a queer witch friend if you don't have one already. We don't bite!)
Our weekly themes:
Week 1: something magical and cute
Week 2: LGBTQIA+ themed
Week 3: something magical and cute
Week 4: Wild card movie! Anything goes! Could be spooky, could be spaceballs.
Week 5: Documentary (probably about magic or LQBTQIA+/social justice",FREE,,
International Women's Association of Pittsburgh,Thursdays,First United Methodist Church Pittsburgh,"5401 Centre Ave, Pittsburgh",Shadyside,"Social, cultural club of American/international women.
412-421-6108",,Other Stuff,412-421-6108
"What They Say, What They Said",Tuesdays-Sundays,Andy Warhol Museum,"117 Sandusky Street, Pittsburgh",North Side,"A collaboration between The Andy Warhol Museum, BOOM Concepts & Artists Image Resource (AIR). D.S. Kinsel‚Äôs mural is the project‚Äôs introductory iteration of prints installed on the Rosa Villa, a shuttered building across the street from The Warhol.
412-237-8300",,Visual Art,412-237-8300
Population Impact,"Mondays, Wednesdays-Sundays",Carnegie Museum of Natural History,"4400 Forbes Avenue, Pittsburgh",Oakland,"How humans are affecting the environment.
412-622-3131",,Exhibits,412-622-3131
Soldiers & Sailors Memorial Hall,Mondays-Saturdays,Soldiers & Sailors Memorial Hall,"4141 Fifth Ave., Pittsburgh",Oakland,"Military museum dedicated to honoring military service members since the Civil War through artifacts & personal mementos.
412-621-4253",,Exhibits,412-621-4253
Collectors,Mondays-Fridays,Bost Building,"621-623 E. Eighth Ave., Homestead",Homestead,"Preserved materials reflecting the industrial heritage of Southwestern PA.
412-464-4020",,Exhibits,412-464-4020
Permanent collection,Mondays-Fridays,Andy Warhol Museum,"117 Sandusky Street, Pittsburgh",North Side,"Artwork & artifacts by the famed Pop Artist.
412-237-8300",,Visual Art,412-237-8300
Permanent collection of European Art,Tuesdays-Sundays,The Frick Pittsburgh,"7227 Reynolds Street, Pittsburgh",Point Breeze,412-371-0600,,Visual Art,412-371-0600
Dinosaurs in Their Time,"Mondays, Wednesdays-Sundays",Carnegie Museum of Natural History,"4400 Forbes Avenue, Pittsburgh",Oakland,"Displaying immersive environments spanning the Mesozoic Era & original fossil specimens. Permanent.
412-622-3131",,Exhibits,412-622-3131
Dinosaurs in Their Time,"Mondays, Wednesdays-Sundays",Carnegie Museum of Natural History,"4400 Forbes Avenue, Pittsburgh",Oakland,"Displaying immersive environments spanning the Mesozoic Era & original fossil specimens. Permanent.
412-622-3131",,Exhibits,412-622-3131
Twilight Wish Foundation,Ongoing,Carnegie Museum of Natural History,"4400 Forbes Avenue, Pittsburgh",Oakland,"Helping w/ special events.
1-877-839-9474",,Volunteers,877-839-9474
Pittsburgh Ski Club,Ongoing,Carnegie Museum of Natural History,"4400 Forbes Avenue, Pittsburgh",Oakland,"Year-round activities.
412-281-SKIS",,Outside,
Gateway Health Hospice,Ongoing,Carnegie Museum of Natural History,"4400 Forbes Avenue, Pittsburgh",Oakland,"Work with patients & their families. Training provided.
412-536-2020",,Volunteers,412-536-2020
"Southwinds, Inc.",Ongoing,Carnegie Museum of Natural History,"4400 Forbes Avenue, Pittsburgh",Oakland,"Non-profit agency which provides quality residential care and life skills training for adults with developmental challenges throughout Allegheny County.
724-941-7600 x36",,Volunteers,724-941-7600
Voices for Animals of Western PA,Ongoing,Carnegie Museum of Natural History,"4400 Forbes Avenue, Pittsburgh",Oakland,"Animal advocacy, rescue and adoption and environmental work.
877-321-4VFA",,Volunteers,
St. Anthony's Chapel,Ongoing,St. Anthony's Chapel,"1700 Harpster Street, Pittsburgh",North Side,"Features 5,000 relics of Catholic saints.
412-323-9504",,Exhibits,412-323-9504
Riding for the Handicapped,Ongoing,St. Anthony's Chapel,"1700 Harpster Street, Pittsburgh",North Side,"Seeking staff for the Therapeutic Riding Program. Knowledge of horses is not necessary.
412-364-9444",,Volunteers,412-364-9444
Independent Film Night,Ongoing,DV8 Espresso Bar & Gallery,"208 S. Pennsylvania Ave., Greensburg",Greensburg,"Submit your film, 10 minutes or less. Screenings held on the second Thursday of every month.
724-219-0804",,Submissions,724-219-0804
National Aviary,Ongoing,National Aviary,"Allegheny Commons West, Pittsburgh",North Side,"Home to more than 600 birds from over 200 species. W/ classes, lectures, demos & more.
412-323-7235",,Exhibits,412-323-7235
Pittsburgh History & Landmarks Foundation,Ongoing,National Aviary,"Allegheny Commons West, Pittsburgh",North Side,"Training docents for children and adult tours.
412-471-5808 x527",,Volunteers,412-471-5808
Venture Outdoors,Ongoing,National Aviary,"Allegheny Commons West, Pittsburgh",North Side,"Sponsoring a wide array of outdoor activities, including rock-climbing, nature walks, fishing, kayaking, canoeing, biking and more at various venues around the region.
412-255-0564",,Outside,412-255-0564
Goodwill Literacy Initiative,Ongoing,National Aviary,"Allegheny Commons West, Pittsburgh",North Side,"Seeking tutors for math, writing & English as a Second Language. Free tutor training available.
412-390-2308",,Volunteers,412-390-2308
Assemble,Ongoing,Assemble,"5125 Penn Ave, Pittsburgh",Garfield,"Seeking volunteers for after school & Saturday programs. Come make with kids w/ science, technology & art.
412-254-4230",,Volunteers,412-254-4230
Youth Outreach Union,Ongoing,Assemble,"5125 Penn Ave, Pittsburgh",Garfield,"Young-adult survivors of mental illness needed to support their peers. (Ages 14-27.)
412-391-1430",,Volunteers,412-391-1430
Big Brothers/Big Sisters of Greater Pittsburgh,Ongoing,Assemble,"5125 Penn Ave, Pittsburgh",Garfield,"Adults to mentor young people from single-parent and at-risk homes.
412-363-6100",,Volunteers,412-363-6100
Free Ride! Recycled Bike Collective,Ongoing,Free Ride!,"214 N. Lexington St., Pittsburgh",Homewood,"Volunteers & bike mechanics needed to staff weekly open shop hours & assist the general public earn bicycles & repair their own.
412-254-3774",,Volunteers,412-254-3774
Pittsburgh Quarterly,Ongoing,Pittsburgh Quartley,"1140 Fox Chapel Rd, Pittsburgh",Fox Chapel,"Looking for new work by local poets. Please check out Robert's poem ""Home Movies"" at http://pittsburghquarterly.com/between-the-issues-items/item/1082-home-movies.html.",,Submissions,
Senator John Heinz History Center,Ongoing,Senator John Heinz History Center,"1212 Smallman Street, Pittsburgh",Strip District,"Become a volunteer, tour guide, or concierge. Contact Sandra Baker.
412-454-6412",,Volunteers,412-454-6412
The Neighborhood Academy,Ongoing,Senator John Heinz History Center,"1212 Smallman Street, Pittsburgh",Strip District,"Educational program for low-income students. Garfield.
412-362-2001",,Volunteers,412-362-2001
POWER,Ongoing,Senator John Heinz History Center,"1212 Smallman Street, Pittsburgh",Strip District,"Help women recovering from alcohol and other drug addictions. Swissvale.
412-271-0500 x125",,Volunteers,412-271-0500
The Lost Artists of the 1893 Chicago Exhibition.,Ongoing,Eclectic Art & Objects Gallery,"8275 Ohio River Blvd, Pittsburgh",Emsworth,"Collectors Showcase.
412-734-2099",,Visual Art,412-734-2099
Fort Pitt Museum,Ongoing,Fort Pitt Museum,"101 Commonwealth Pl., Point State Park, Pittsburgh",Downtown,"Reconstructed fort houses museum of Pittsburgh history circa French & Indian War & American Revolution.
412-281-9285",,Exhibits,412-281-9285
East End Community Thrift Shop,Ongoing,Fort Pitt Museum,"101 Commonwealth Pl., Point State Park, Pittsburgh",Downtown,"Men's, women's & children's clothing, blankets, sheets, pillows, toys, baby equipment and household items. Garfield.
412-361-3022",,Fundraisers,412-361-3022
Pittsburgh Action Against Rape,Ongoing,Fort Pitt Museum,"101 Commonwealth Pl., Point State Park, Pittsburgh",Downtown,"Daytime medical advocates, hotline work, special events and/or speakers bureau. South Side.
412-431-5665",,Volunteers,412-431-5665
Pittsburgh Sports League,Ongoing,Fort Pitt Museum,"101 Commonwealth Pl., Point State Park, Pittsburgh",Downtown,"Adult intramural leagues: volleyball, bowling, softball, tennis, basketball and more.
412-338-2133",,Outside,412-338-2133
Gay & Lesbian Community Center,Ongoing,Fort Pitt Museum,"101 Commonwealth Pl., Point State Park, Pittsburgh",Downtown,"Staffers in all areas to help this service organization & staffers for the phone line. Squirrel Hill.
412-422-0114",,Volunteers,412-422-0114
Pittsburgh Center for Creative Reuse,Ongoing,Pittsburgh Center for Creative Reuse,"214 N. Lexington, Pittsburgh",Homewood,"Seeking volunteers who like to work independently and are interested in art, crafts, DIY, organizing. Help is needed in the shop & assisting w/ staff run programs. Apply online.
412-473-0100",,Volunteers,412-473-0100
Pet Adoption League,Ongoing,Pittsburgh Center for Creative Reuse,"214 N. Lexington, Pittsburgh",Homewood,"Westmoreland County no-kill shelter with many puppy mill rescues seeking foster homes and volunteers for all aspects of shelter operation: dog walking, cat cuddling, fund raising, etc. Yukon, PA.
724-953-9050",,Volunteers,724-953-9050
Washington County Literacy Council,Ongoing,Pittsburgh Center for Creative Reuse,"214 N. Lexington, Pittsburgh",Homewood,"Tutor training sessions offered.
724-228-6188",,Volunteers,724-228-6188
